reg_rate_l2,accuracy
0.0856565394828863,0.3494
0.014256497751878844,0.3401
0.0048979274654520075,0.3244
7.945509014861704e-05,0.322
