reg_rate_l2,accuracy
0.001596867099127994,0.5086
0.0012696481849936907,0.5126
0.0014500860770002275,0.5068
0.0019689468115452933,0.5158
0.0009317930306297322,0.5158
