reg_rate_l2,accuracy
0.006774477886565865,0.5282
0.008616992973766783,0.5268
0.007117743013228417,0.5248
0.007968181955925845,0.5198
0.00633549760755799,0.5258
