reg_rate_l2,accuracy
0.0004108497863260281,0.504
0.0004141761904949496,0.5056
0.00036537637001811185,0.5134
0.00042533289301974745,0.502
0.0005075942906524106,0.502
0.000364492889383694,0.506
0.0004650012563210187,0.5044
0.00047112228660713086,0.5026
0.0004137597849071866,0.5042
0.0005061773258715125,0.5044
