reg_rate_l2,accuracy
0.005158469466543311,0.5378
0.005558298849394576,0.5156
0.004778218982840871,0.5278
0.004872029073986449,0.5256
0.00517433148460152,0.5334
