reg_rate_l2,accuracy
0.0037763922873340237,0.5144
0.00441622790643398,0.5228
0.0031678882251317893,0.5234
0.003318009852806867,0.5164
0.0038017758248621424,0.5258
