reg_rate_l2,accuracy
0.005097272292825628,0.5276
0.005960905126771374,0.5258
0.004275929947980154,0.5274
0.0044785600655843465,0.5352
0.0051315343060624255,0.5332
