reg_rate_l2,accuracy
0.005966750455592986,0.53
0.005999681378118282,0.523
0.00559724983614948,0.5314
0.004374114120760846,0.5226
0.0058408374766643345,0.5308
