reg_rate_l2,accuracy
0.004754086027284666,0.5238
0.005122571930834037,0.5312
0.004403644191162028,0.5292
0.004490100308897342,0.5206
0.004768704587868219,0.5274
