reg_rate_l2,accuracy
0.07691390360760873,0.3443
0.09672626693470236,0.3492
0.08692101708341018,0.3542
0.08255901086431286,0.3478
