reg_rate_l2,accuracy
0.0038629519202637466,0.5212
0.004272734346024717,0.5194
0.003140332382025315,0.5156
0.0034404287335152877,0.5232
0.0060450393913325014,0.5262
