reg_rate_l2,accuracy
0.00786207726882221,0.534
0.0100003964466397,0.5262
0.008260451430595596,0.5338
0.009247422942180533,0.5216
0.00735262149513179,0.5264
