reg_rate_l2,accuracy
0.0015432783727778515,0.5238
0.0012270404882205926,0.5176
0.0014014231256456963,0.5138
0.0019028715871640628,0.5192
0.000900523301445222,0.5188
