reg_rate_l2,n_epochs,batch_size,lr_initial,loss_train,accuracy_train,loss_val,accuracy_val,loss_test,accuracy_test
0.1,80,100,0.0001,4.210309729338062,0.42583673469387756,4.589758451363557,0.399,4.6079330462709525,0.3929
0.1,80,100,0.0001,4.2101772229358225,0.42618367346938774,4.5919135478638005,0.406,4.621689088295177,0.3974
