,val_acc,reg_rate,n_layers
0,0.5004,0.019240294501572188,5
1,0.455,0.13214421822496275,4
2,0.4572,0.18615281251620688,3
3,0.4862,0.06244968837267639,3
4,0.506,0.018442837925266218,4
5,0.4994,0.01865445340668206,5
6,0.488,0.05551860506740719,3
