,val_acc,reg_rate,n_layers
0,0.5004,0.019240294501572188,5
1,0.455,0.13214421822496275,4
2,0.4572,0.18615281251620688,3
3,0.4862,0.06244968837267639,3
