,val_acc,reg_rate,n_layers
0,0.4502,0.14882876188717628,5
1,0.4982,0.050357969032970906,3
2,0.455,0.16536935575058254,4
3,0.496,0.025692385094337952,4
