reg_rate_l2,accuracy
3.5644283665517094e-05,0.0
4.5338776957232104e-05,0.0
3.745039178958421e-05,0.0
4.19250225170418e-05,0.0
3.3334565064242504e-05,0.0
