reg_rate_l2,accuracy
3.071343656619905e-05,0.0
3.9066843456083645e-05,0.0
3.226969697027323e-05,0.0
3.612533026885701e-05,0.0
2.8723232571311506e-05,0.0
