,loss,val_acc,reg_rate_l2,lr_initial
0,-0.2275,0.2275,0.8733541898810822,0.03531479235905652
1,-0.3007,0.3007,0.44957888390078576,0.03757552007448616
2,-0.2952,0.2952,0.4439174008841718,0.08976089086332134
3,-0.2287,0.2287,0.867269908972918,0.07094561279439587
4,-0.3414,0.3414,0.2495046751966928,0.08324555623250757
5,-0.283,0.283,0.5916647953685226,0.009071932769960366
